<ManagementPack ContentReadable="true" xmlns:xsd="http://www.w3.org/2001/XMLSchema" xmlns:xsl="http://www.w3.org/1999/XSL/Transform">
  <Manifest>
    <Identity>
      <ID>ForecastReport</ID>
      <Version>1.0.0.1</Version>
    </Identity>
    <Name>ForecastReport</Name>
    <References>
      <Reference Alias="SC">
        <ID>Microsoft.SystemCenter.Library</ID>
        <Version>6.1.7221.0</Version>
        <PublicKeyToken>31bf3856ad364e35</PublicKeyToken>
      </Reference>
      <Reference Alias="Windows">
        <ID>Microsoft.Windows.Library</ID>
        <Version>6.1.7221.0</Version>
        <PublicKeyToken>31bf3856ad364e35</PublicKeyToken>
      </Reference>
      <Reference Alias="Health">
        <ID>System.Health.Library</ID>
        <Version>6.1.7221.0</Version>
        <PublicKeyToken>31bf3856ad364e35</PublicKeyToken>
      </Reference>
      <Reference Alias="System">
        <ID>System.Library</ID>
        <Version>6.1.7221.0</Version>
        <PublicKeyToken>31bf3856ad364e35</PublicKeyToken>
      </Reference>
    </References>
  </Manifest>
  <Reporting>
    <DataWarehouseScripts>
      <DataWarehouseScript ID="ForecastReport.forecastproc" Accessibility="Internal">
        <Install><![CDATA[/****** Object:  StoredProcedure [dbo].[sp_opsmgrforecast]    Script Date: 04/28/2010 08:51:37 ******/
IF  EXISTS (SELECT * FROM sys.objects WHERE object_id = OBJECT_ID(N'[dbo].[sp_opsmgrforecast]') AND type in (N'P', N'PC'))
DROP PROCEDURE [dbo].[sp_opsmgrforecast]
GO

CREATE PROCEDURE [dbo].[sp_opsmgrforecast]
@OBJECTName nvarchar(150),
@COUNTERName nvarchar(150),
@StartDate datetime,
@EndDate datetime,
@DaystoForecast int,
@Me nvarchar(max)

AS
      
DECLARE @FreeSpace TABLE
        (
            dt SMALLDATETIME,
            AvgValue FLOAT,
			Me nvarchar(max)
        )

INSERT  INTO @FreeSpace 

SELECT     Perf.vPerfDaily.DateTime,Perf.vPerfDaily.AverageValue,vManagedEntity.Path + ' '+InstanceName
FROM         Perf.vPerfDaily INNER JOIN
                      vPerformanceRuleInstance ON Perf.vPerfDaily.PerformanceRuleInstanceRowId = vPerformanceRuleInstance.PerformanceRuleInstanceRowId INNER JOIN
                      vPerformanceRule ON vPerformanceRuleInstance.RuleRowId = vPerformanceRule.RuleRowId
                      inner join vManagedEntity on vManagedEntity.ManagedEntityRowId = Perf.vPerfDaily.ManagedEntityRowId
                      where ObjectName = @OBJECTName
                      and CounterName = @COUNTERName
                      and vManagedEntity.Path + ' '+InstanceName = @Me
                      AND Perf.vPerfDaily.DateTime between @StartDate and @EndDate


Declare @ForecastTable as Table (
				ForecastKey int IDENTITY, 
				Date SMALLDATETIME, 
				Me nvarchar(max),
				WeightedMovingAverage FLOAT, 
				SmoothedMovingAverage FLOAT, 
				Trend float, 
				Seasonality FLOAT,
				Forward_Trend float,
				Forecast float)

INSERT INTO @ForecastTable(Date,Me,WeightedMovingAverage)

SELECT      Dt,
			Me,
            AvgValue AS WeightedMovingAverage
FROM        @FreeSpace 

Update 
		@ForecastTable 
	SET 
		SmoothedMovingAverage = MovAvg.Smoothed_Quantity
	FROM(
		SELECT 
			a.ForecastKey as FKey,
			a.Me as Prod,
			
			AVG(Cast(b.WeightedMovingAverage as float)) Smoothed_Quantity
		FROM 
			@ForecastTable a
		INNER JOIN 
			@ForecastTable b 
		ON 
			a.Me = b.Me
			AND	(a.ForecastKey - b.ForecastKey) BETWEEN -3 AND 3
		GROUP BY
			a.ForecastKey,
			a.Me) MovAvg
	WHERE 
		Me = MovAvg.Prod
		AND ForecastKey = MovAvg.FKey

--SELECT * FROM @ForecastTable

DECLARE @Formula as Table(
					Me nvarchar(max),
					Counts int,  
					SumX Numeric(14,4), 
					SumY Numeric(14,4),
					SumXY Numeric(14,4), 
					SumXsqrd Numeric(14,4), 
					b Numeric(38,17), 
					a Numeric(38,17))

	INSERT INTO @Formula (Me ,Counts, SumX, SumY, SumXY, SumXsqrd)	
		(SELECT 
			Me,
			
			COUNT(*),
			sum(ForecastKey),
			sum(SmoothedMovingAverage ),
			sum(SmoothedMovingAverage * ForecastKey),
			sum(power(ForecastKey,2)) 
		FROM 
			@ForecastTable
		WHERE 
			SmoothedMovingAverage  IS NOT NULL
		GROUP BY 
			Me)
			
	-- Calculate B (Slope)
		UPDATE @Formula 
		SET
			b = ((tb.counts * tb.sumXY)-(tb.sumX * tb.sumY))/ (tb.Counts * tb.sumXsqrd - power(tb.sumX,2))
		FROM
			(SELECT Me as XProduct, Counts, SumX, SumY, SumXY, SumXsqrd FROM @Formula) tb
		WHERE Me = tb.XProduct 
		
		--Calculate A (Y Intercept)
		UPDATE 
			@Formula 
		SET
			a = ((tb2.sumY - tb2.b * tb2.sumX) / tb2.Counts)
		FROM
			(SELECT Me as XProduct, Counts, SumX, SumY, SumXY, SumXsqrd, b FROM @Formula) tb2
		WHERE Me = tb2.XProduct 

-- Update Historical Trend and Seasonality
		--y = a + bx
		--Forecast = Y Intercept + (Slope * ForecastKey)		
	
	UPDATE 
			@ForecastTable 
		SET 
			Trend = A + (B * ForecastKey),
			Seasonality = CASE WHEN WeightedMovingAverage = 0 
				THEN 1 ELSE WeightedMovingAverage /(A + (B * ForecastKey)) END
		FROM
		 (SELECT Me as XProduct, Counts, SumX, SumY, SumXY, SumXsqrd, b, a FROM @Formula) TrendUpdate
		WHERE Me = TrendUpdate.XProduct 



DECLARE @Loop as int = 0
		
		WHILE @Loop < @DaystoForecast 
			BEGIN
				INSERT INTO @ForecastTable (Date,Me,Forward_Trend,Forecast)
				SELECT 
					  --Create Forecastkey
					 -- Dates could be incremented by joining to a date dimension or using Dateadd for a date type
					DATEADD(dd,@LOOP +1,GETDATE()),
					a.Me,
					MAX(A) + (MAX(B) * MAX(Forecastkey) + 1), -- Trendline
					MAX(A) + (MAX(B) * MAX(Forecastkey) + 1)
					+  
						(SELECT 
						avg(Seasonality) 
					FROM 
						@ForecastTable SeasonalMask
					WHERE 
						SeasonalMask.Me = a.Me  )-- Trendline * Avg seasonality
				FROM 
					@ForecastTable a
				INNER JOIN 
					@Formula b
				ON 
					a.Me = b.Me
				GROUP BY 
					a.Me
			
				
			SET @Loop = @Loop +1
			END


select * from @ForecastTable ORDER BY Me,Date


]]></Install>
        <Uninstall>DROP PROCEDURE sp_opsmgrforecast</Uninstall>
        <Upgrade><![CDATA[/****** Object:  StoredProcedure [dbo].[sp_opsmgrforecast]    Script Date: 04/28/2010 08:51:37 ******/
IF  EXISTS (SELECT * FROM sys.objects WHERE object_id = OBJECT_ID(N'[dbo].[sp_opsmgrforecast]') AND type in (N'P', N'PC'))
DROP PROCEDURE [dbo].[sp_opsmgrforecast]
GO

CREATE PROCEDURE [dbo].[sp_opsmgrforecast]
@OBJECTName nvarchar(150),
@COUNTERName nvarchar(150),
@StartDate datetime,
@EndDate datetime,
@DaystoForecast int,
@Me nvarchar(max)

AS
      
DECLARE @FreeSpace TABLE
        (
            dt SMALLDATETIME,
            AvgValue FLOAT,
			Me nvarchar(max)
        )

INSERT  INTO @FreeSpace 

SELECT     Perf.vPerfDaily.DateTime,Perf.vPerfDaily.AverageValue,vManagedEntity.Path + ' '+InstanceName
FROM         Perf.vPerfDaily INNER JOIN
                      vPerformanceRuleInstance ON Perf.vPerfDaily.PerformanceRuleInstanceRowId = vPerformanceRuleInstance.PerformanceRuleInstanceRowId INNER JOIN
                      vPerformanceRule ON vPerformanceRuleInstance.RuleRowId = vPerformanceRule.RuleRowId
                      inner join vManagedEntity on vManagedEntity.ManagedEntityRowId = Perf.vPerfDaily.ManagedEntityRowId
                      where ObjectName = @OBJECTName
                      and CounterName = @COUNTERName
                      and vManagedEntity.Path + ' '+InstanceName = @Me
                      AND Perf.vPerfDaily.DateTime between @StartDate and @EndDate


Declare @ForecastTable as Table (
				ForecastKey int IDENTITY, 
				Date SMALLDATETIME, 
				Me nvarchar(max),
				WeightedMovingAverage FLOAT, 
				SmoothedMovingAverage FLOAT, 
				Trend float, 
				Seasonality FLOAT,
				Forward_Trend float,
				Forecast float)

INSERT INTO @ForecastTable(Date,Me,WeightedMovingAverage)

SELECT      Dt,
			Me,
            AvgValue AS WeightedMovingAverage
FROM        @FreeSpace 

Update 
		@ForecastTable 
	SET 
		SmoothedMovingAverage = MovAvg.Smoothed_Quantity
	FROM(
		SELECT 
			a.ForecastKey as FKey,
			a.Me as Prod,
			
			AVG(Cast(b.WeightedMovingAverage as float)) Smoothed_Quantity
		FROM 
			@ForecastTable a
		INNER JOIN 
			@ForecastTable b 
		ON 
			a.Me = b.Me
			AND	(a.ForecastKey - b.ForecastKey) BETWEEN -3 AND 3
		GROUP BY
			a.ForecastKey,
			a.Me) MovAvg
	WHERE 
		Me = MovAvg.Prod
		AND ForecastKey = MovAvg.FKey

--SELECT * FROM @ForecastTable

DECLARE @Formula as Table(
					Me nvarchar(max),
					Counts int,  
					SumX Numeric(14,4), 
					SumY Numeric(14,4),
					SumXY Numeric(14,4), 
					SumXsqrd Numeric(14,4), 
					b Numeric(38,17), 
					a Numeric(38,17))

	INSERT INTO @Formula (Me ,Counts, SumX, SumY, SumXY, SumXsqrd)	
		(SELECT 
			Me,
			
			COUNT(*),
			sum(ForecastKey),
			sum(SmoothedMovingAverage ),
			sum(SmoothedMovingAverage * ForecastKey),
			sum(power(ForecastKey,2)) 
		FROM 
			@ForecastTable
		WHERE 
			SmoothedMovingAverage  IS NOT NULL
		GROUP BY 
			Me)
			
	-- Calculate B (Slope)
		UPDATE @Formula 
		SET
			b = ((tb.counts * tb.sumXY)-(tb.sumX * tb.sumY))/ (tb.Counts * tb.sumXsqrd - power(tb.sumX,2))
		FROM
			(SELECT Me as XProduct, Counts, SumX, SumY, SumXY, SumXsqrd FROM @Formula) tb
		WHERE Me = tb.XProduct 
		
		--Calculate A (Y Intercept)
		UPDATE 
			@Formula 
		SET
			a = ((tb2.sumY - tb2.b * tb2.sumX) / tb2.Counts)
		FROM
			(SELECT Me as XProduct, Counts, SumX, SumY, SumXY, SumXsqrd, b FROM @Formula) tb2
		WHERE Me = tb2.XProduct 

-- Update Historical Trend and Seasonality
		--y = a + bx
		--Forecast = Y Intercept + (Slope * ForecastKey)		
	
	UPDATE 
			@ForecastTable 
		SET 
			Trend = A + (B * ForecastKey),
			Seasonality = CASE WHEN WeightedMovingAverage = 0 
				THEN 1 ELSE WeightedMovingAverage /(A + (B * ForecastKey)) END
		FROM
		 (SELECT Me as XProduct, Counts, SumX, SumY, SumXY, SumXsqrd, b, a FROM @Formula) TrendUpdate
		WHERE Me = TrendUpdate.XProduct 



DECLARE @Loop as int = 0
		
		WHILE @Loop < @DaystoForecast 
			BEGIN
				INSERT INTO @ForecastTable (Date,Me,Forward_Trend,Forecast)
				SELECT 
					  --Create Forecastkey
					 -- Dates could be incremented by joining to a date dimension or using Dateadd for a date type
					DATEADD(dd,@LOOP +1,GETDATE()),
					a.Me,
					MAX(A) + (MAX(B) * MAX(Forecastkey) + 1), -- Trendline
					MAX(A) + (MAX(B) * MAX(Forecastkey) + 1)
					+  
						(SELECT 
						avg(Seasonality) 
					FROM 
						@ForecastTable SeasonalMask
					WHERE 
						SeasonalMask.Me = a.Me  )-- Trendline * Avg seasonality
				FROM 
					@ForecastTable a
				INNER JOIN 
					@Formula b
				ON 
					a.Me = b.Me
				GROUP BY 
					a.Me
			
				
			SET @Loop = @Loop +1
			END


select * from @ForecastTable ORDER BY Me,Date


]]></Upgrade>
      </DataWarehouseScript>
    </DataWarehouseScripts>
    <Reports>
      <Report ID="ForecastReport.ForecastReport" Accessibility="Internal" Visible="true">
        <Dependencies>
          <DataWarehouseScript>ForecastReport.forecastproc</DataWarehouseScript>
        </Dependencies>
        <Definition>
          <Report xmlns="http://schemas.microsoft.com/sqlserver/reporting/2008/01/reportdefinition" xmlns:rd="http://schemas.microsoft.com/SQLServer/reporting/reportdesigner">
            <DataSources>
              <DataSource Name="DataWarehouseMain">
                <rd:DataSourceID>e4235c51-407f-4065-8519-a1e57374bc45</rd:DataSourceID>
                <DataSourceReference>Data Warehouse Main</DataSourceReference>
              </DataSource>
            </DataSources>
            <DataSets>
              <DataSet Name="DataSet1">
                <Fields>
                  <Field Name="ForecastKey">
                    <DataField>ForecastKey</DataField>
                    <rd:TypeName>System.Int32</rd:TypeName>
                  </Field>
                  <Field Name="Date">
                    <DataField>Date</DataField>
                    <rd:TypeName>System.DateTime</rd:TypeName>
                  </Field>
                  <Field Name="Me">
                    <DataField>Me</DataField>
                    <rd:TypeName>System.String</rd:TypeName>
                  </Field>
                  <Field Name="WeightedMovingAverage">
                    <DataField>WeightedMovingAverage</DataField>
                    <rd:TypeName>System.Double</rd:TypeName>
                  </Field>
                  <Field Name="SmoothedMovingAverage">
                    <DataField>SmoothedMovingAverage</DataField>
                    <rd:TypeName>System.Double</rd:TypeName>
                  </Field>
                  <Field Name="Trend">
                    <DataField>Trend</DataField>
                    <rd:TypeName>System.Double</rd:TypeName>
                  </Field>
                  <Field Name="Seasonality">
                    <DataField>Seasonality</DataField>
                    <rd:TypeName>System.Double</rd:TypeName>
                  </Field>
                  <Field Name="Forward_Trend">
                    <DataField>Forward_Trend</DataField>
                    <rd:TypeName>System.Double</rd:TypeName>
                  </Field>
                  <Field Name="Forecast">
                    <DataField>Forecast</DataField>
                    <rd:TypeName>System.Double</rd:TypeName>
                  </Field>
                </Fields>
                <Query>
                  <DataSourceName>DataWarehouseMain</DataSourceName>
                  <CommandType>StoredProcedure</CommandType>
                  <CommandText>sp_opsmgrforecast</CommandText>
                  <QueryParameters>
                    <QueryParameter Name="@OBJECTName">
                      <Value>=Parameters!OBJECTName.Value</Value>
                    </QueryParameter>
                    <QueryParameter Name="@COUNTERName">
                      <Value>=Parameters!COUNTERName.Value</Value>
                    </QueryParameter>
                    <QueryParameter Name="@StartDate">
                      <Value>=Parameters!StartDate.Value</Value>
                    </QueryParameter>
                    <QueryParameter Name="@EndDate">
                      <Value>=Parameters!EndDate.Value</Value>
                    </QueryParameter>
                    <QueryParameter Name="@DaystoForecast">
                      <Value>=Parameters!DaystoForecast.Value</Value>
                    </QueryParameter>
                    <QueryParameter Name="@Me">
                      <Value>=Parameters!Me.Value</Value>
                    </QueryParameter>
                  </QueryParameters>
                  <rd:UseGenericDesigner>true</rd:UseGenericDesigner>
                </Query>
              </DataSet>
              <DataSet Name="Counters">
                <Fields>
                  <Field Name="CounterName">
                    <DataField>CounterName</DataField>
                    <rd:TypeName>System.String</rd:TypeName>
                  </Field>
                </Fields>
                <Query>
                  <DataSourceName>DataWarehouseMain</DataSourceName>
                  <CommandText>SELECT  DISTINCT   vPerformanceRule.CounterName
FROM         Perf.vPerfDaily INNER JOIN
                      vPerformanceRuleInstance ON Perf.vPerfDaily.PerformanceRuleInstanceRowId = vPerformanceRuleInstance.PerformanceRuleInstanceRowId INNER JOIN
                      vPerformanceRule ON vPerformanceRuleInstance.RuleRowId = vPerformanceRule.RuleRowId
                      inner join vManagedEntity on vManagedEntity.ManagedEntityRowId = Perf.vPerfDaily.ManagedEntityRowId
where vPerformanceRule.ObjectName = @ObjectName
ORDER BY CounterName</CommandText>
                  <QueryParameters>
                    <QueryParameter Name="@ObjectName">
                      <Value>=Parameters!OBJECTName.Value</Value>
                    </QueryParameter>
                  </QueryParameters>
                </Query>
              </DataSet>
              <DataSet Name="Objects">
                <Fields>
                  <Field Name="ObjectName">
                    <DataField>ObjectName</DataField>
                    <rd:TypeName>System.String</rd:TypeName>
                  </Field>
                </Fields>
                <Query>
                  <DataSourceName>DataWarehouseMain</DataSourceName>
                  <CommandText>SELECT  DISTINCT   vPerformanceRule.ObjectName
FROM         Perf.vPerfDaily INNER JOIN
                      vPerformanceRuleInstance ON Perf.vPerfDaily.PerformanceRuleInstanceRowId = vPerformanceRuleInstance.PerformanceRuleInstanceRowId INNER JOIN
                      vPerformanceRule ON vPerformanceRuleInstance.RuleRowId = vPerformanceRule.RuleRowId
                      inner join vManagedEntity on vManagedEntity.ManagedEntityRowId = Perf.vPerfDaily.ManagedEntityRowId
ORDER BY ObjectName</CommandText>
                </Query>
              </DataSet>
              <DataSet Name="Me">
                <Fields>
                  <Field Name="ID">
                    <DataField />
                    <rd:TypeName>System.String</rd:TypeName>
                  </Field>
                </Fields>
                <Query>
                  <DataSourceName>DataWarehouseMain</DataSourceName>
                  <CommandText>   SELECT  DISTINCT   vManagedEntity.Path + ' '+InstanceName
FROM         Perf.vPerfDaily INNER JOIN
                      vPerformanceRuleInstance ON Perf.vPerfDaily.PerformanceRuleInstanceRowId = vPerformanceRuleInstance.PerformanceRuleInstanceRowId INNER JOIN
                      vPerformanceRule ON vPerformanceRuleInstance.RuleRowId = vPerformanceRule.RuleRowId
                      inner join vManagedEntity on vManagedEntity.ManagedEntityRowId = Perf.vPerfDaily.ManagedEntityRowId
where vPerformanceRule.ObjectName = @ObjectName AND  vPerformanceRule.CounterName = @CounterName
ORDER BY vManagedEntity.Path + ' '+InstanceName</CommandText>
                  <QueryParameters>
                    <QueryParameter Name="@ObjectName">
                      <Value>=Parameters!OBJECTName.Value</Value>
                    </QueryParameter>
                    <QueryParameter Name="@CounterName">
                      <Value>=Parameters!COUNTERName.Value</Value>
                    </QueryParameter>
                  </QueryParameters>
                </Query>
              </DataSet>
            </DataSets>
            <Body>
              <ReportItems>
                <Textbox Name="textbox1">
                  <CanGrow>true</CanGrow>
                  <KeepTogether>true</KeepTogether>
                  <Paragraphs>
                    <Paragraph>
                      <TextRuns>
                        <TextRun>
                          <Value>Forecast Report</Value>
                          <Style>
                            <FontFamily>Tahoma</FontFamily>
                            <FontSize>20pt</FontSize>
                            <FontWeight>Bold</FontWeight>
                            <Color>SteelBlue</Color>
                          </Style>
                        </TextRun>
                      </TextRuns>
                      <Style />
                    </Paragraph>
                  </Paragraphs>
                  <rd:DefaultName>textbox1</rd:DefaultName>
                  <Height>0.36in</Height>
                  <Width>9in</Width>
                  <Style>
                    <PaddingLeft>2pt</PaddingLeft>
                    <PaddingRight>2pt</PaddingRight>
                    <PaddingTop>2pt</PaddingTop>
                    <PaddingBottom>2pt</PaddingBottom>
                  </Style>
                </Textbox>
                <Chart Name="Chart1">
                  <ChartCategoryHierarchy>
                    <ChartMembers>
                      <ChartMember>
                        <Group Name="Chart1_CategoryGroup1">
                          <GroupExpressions>
                            <GroupExpression>=Fields!Date.Value</GroupExpression>
                          </GroupExpressions>
                        </Group>
                        <Label>=Fields!Date.Value</Label>
                      </ChartMember>
                    </ChartMembers>
                  </ChartCategoryHierarchy>
                  <ChartSeriesHierarchy>
                    <ChartMembers>
                      <ChartMember>
                        <Group Name="Chart1_SeriesGroup1">
                          <GroupExpressions>
                            <GroupExpression>=Fields!Me.Value</GroupExpression>
                          </GroupExpressions>
                        </Group>
                        <ChartMembers>
                          <ChartMember>
                            <Label>Smoothed Moving Average</Label>
                          </ChartMember>
                          <ChartMember>
                            <Label>Trend</Label>
                          </ChartMember>
                          <ChartMember>
                            <Label>Forecast</Label>
                          </ChartMember>
                        </ChartMembers>
                        <Label>=Fields!Me.Value</Label>
                      </ChartMember>
                    </ChartMembers>
                  </ChartSeriesHierarchy>
                  <ChartData>
                    <ChartSeriesCollection>
                      <ChartSeries Name="SmoothedMovingAverage">
                        <ChartDataPoints>
                          <ChartDataPoint>
                            <ChartDataPointValues>
                              <Y>=Sum(Fields!SmoothedMovingAverage.Value)</Y>
                            </ChartDataPointValues>
                            <ChartDataLabel>
                              <Style />
                            </ChartDataLabel>
                            <Style />
                            <ChartMarker>
                              <Style />
                            </ChartMarker>
                            <DataElementOutput>Output</DataElementOutput>
                          </ChartDataPoint>
                        </ChartDataPoints>
                        <Type>Line</Type>
                        <Style />
                        <ChartEmptyPoints>
                          <Style />
                          <ChartMarker>
                            <Style />
                          </ChartMarker>
                          <ChartDataLabel>
                            <Style />
                          </ChartDataLabel>
                        </ChartEmptyPoints>
                        <ValueAxisName>Primary</ValueAxisName>
                        <CategoryAxisName>Primary</CategoryAxisName>
                        <ChartSmartLabel>
                          <CalloutLineColor>Black</CalloutLineColor>
                          <MinMovingDistance>0pt</MinMovingDistance>
                        </ChartSmartLabel>
                      </ChartSeries>
                      <ChartSeries Name="Trend">
                        <ChartDataPoints>
                          <ChartDataPoint>
                            <ChartDataPointValues>
                              <Y>=Sum(Fields!Trend.Value)</Y>
                            </ChartDataPointValues>
                            <ChartDataLabel>
                              <Style />
                            </ChartDataLabel>
                            <Style />
                            <ChartMarker>
                              <Style />
                            </ChartMarker>
                            <DataElementOutput>Output</DataElementOutput>
                          </ChartDataPoint>
                        </ChartDataPoints>
                        <Type>Line</Type>
                        <Style />
                        <ChartEmptyPoints>
                          <Style />
                          <ChartMarker>
                            <Style />
                          </ChartMarker>
                          <ChartDataLabel>
                            <Style />
                          </ChartDataLabel>
                        </ChartEmptyPoints>
                        <ValueAxisName>Primary</ValueAxisName>
                        <CategoryAxisName>Primary</CategoryAxisName>
                        <ChartSmartLabel>
                          <CalloutLineColor>Black</CalloutLineColor>
                          <MinMovingDistance>0pt</MinMovingDistance>
                        </ChartSmartLabel>
                      </ChartSeries>
                      <ChartSeries Name="Forecast">
                        <ChartDataPoints>
                          <ChartDataPoint>
                            <ChartDataPointValues>
                              <Y>=Sum(Fields!Forecast.Value)</Y>
                            </ChartDataPointValues>
                            <ChartDataLabel>
                              <Style />
                            </ChartDataLabel>
                            <Style />
                            <ChartMarker>
                              <Style />
                            </ChartMarker>
                            <DataElementOutput>Output</DataElementOutput>
                          </ChartDataPoint>
                        </ChartDataPoints>
                        <Type>Line</Type>
                        <Style />
                        <ChartEmptyPoints>
                          <Style />
                          <ChartMarker>
                            <Style />
                          </ChartMarker>
                          <ChartDataLabel>
                            <Style />
                          </ChartDataLabel>
                        </ChartEmptyPoints>
                        <ValueAxisName>Primary</ValueAxisName>
                        <CategoryAxisName>Primary</CategoryAxisName>
                        <ChartSmartLabel>
                          <CalloutLineColor>Black</CalloutLineColor>
                          <MinMovingDistance>0pt</MinMovingDistance>
                        </ChartSmartLabel>
                      </ChartSeries>
                    </ChartSeriesCollection>
                  </ChartData>
                  <ChartAreas>
                    <ChartArea Name="Default">
                      <ChartCategoryAxes>
                        <ChartAxis Name="Primary">
                          <Style>
                            <FontSize>8pt</FontSize>
                          </Style>
                          <ChartAxisTitle>
                            <Caption>Axis Title</Caption>
                            <Style>
                              <FontSize>8pt</FontSize>
                            </Style>
                          </ChartAxisTitle>
                          <ChartMajorGridLines>
                            <Enabled>False</Enabled>
                            <Style>
                              <Border>
                                <Color>Gainsboro</Color>
                              </Border>
                            </Style>
                          </ChartMajorGridLines>
                          <ChartMinorGridLines>
                            <Style>
                              <Border>
                                <Color>Gainsboro</Color>
                                <Style>Dotted</Style>
                              </Border>
                            </Style>
                          </ChartMinorGridLines>
                          <ChartMinorTickMarks>
                            <Length>0.5</Length>
                          </ChartMinorTickMarks>
                          <CrossAt>NaN</CrossAt>
                          <Minimum>NaN</Minimum>
                          <Maximum>NaN</Maximum>
                        </ChartAxis>
                        <ChartAxis Name="Secondary">
                          <Style>
                            <FontSize>8pt</FontSize>
                          </Style>
                          <ChartAxisTitle>
                            <Caption>Axis Title</Caption>
                            <Style>
                              <FontSize>8pt</FontSize>
                            </Style>
                          </ChartAxisTitle>
                          <ChartMajorGridLines>
                            <Enabled>False</Enabled>
                            <Style>
                              <Border>
                                <Color>Gainsboro</Color>
                              </Border>
                            </Style>
                          </ChartMajorGridLines>
                          <ChartMinorGridLines>
                            <Style>
                              <Border>
                                <Color>Gainsboro</Color>
                                <Style>Dotted</Style>
                              </Border>
                            </Style>
                          </ChartMinorGridLines>
                          <ChartMinorTickMarks>
                            <Length>0.5</Length>
                          </ChartMinorTickMarks>
                          <CrossAt>NaN</CrossAt>
                          <Location>Opposite</Location>
                          <Minimum>NaN</Minimum>
                          <Maximum>NaN</Maximum>
                        </ChartAxis>
                      </ChartCategoryAxes>
                      <ChartValueAxes>
                        <ChartAxis Name="Primary">
                          <Style>
                            <FontSize>8pt</FontSize>
                          </Style>
                          <ChartAxisTitle>
                            <Caption>Axis Title</Caption>
                            <Style>
                              <FontSize>8pt</FontSize>
                            </Style>
                          </ChartAxisTitle>
                          <ChartMajorGridLines>
                            <Style>
                              <Border>
                                <Color>Gainsboro</Color>
                              </Border>
                            </Style>
                          </ChartMajorGridLines>
                          <ChartMinorGridLines>
                            <Style>
                              <Border>
                                <Color>Gainsboro</Color>
                                <Style>Dotted</Style>
                              </Border>
                            </Style>
                          </ChartMinorGridLines>
                          <ChartMinorTickMarks>
                            <Length>0.5</Length>
                          </ChartMinorTickMarks>
                          <CrossAt>NaN</CrossAt>
                          <Minimum>NaN</Minimum>
                          <Maximum>NaN</Maximum>
                        </ChartAxis>
                        <ChartAxis Name="Secondary">
                          <Style>
                            <FontSize>8pt</FontSize>
                          </Style>
                          <ChartAxisTitle>
                            <Caption>Axis Title</Caption>
                            <Style>
                              <FontSize>8pt</FontSize>
                            </Style>
                          </ChartAxisTitle>
                          <ChartMajorGridLines>
                            <Style>
                              <Border>
                                <Color>Gainsboro</Color>
                              </Border>
                            </Style>
                          </ChartMajorGridLines>
                          <ChartMinorGridLines>
                            <Style>
                              <Border>
                                <Color>Gainsboro</Color>
                                <Style>Dotted</Style>
                              </Border>
                            </Style>
                          </ChartMinorGridLines>
                          <ChartMinorTickMarks>
                            <Length>0.5</Length>
                          </ChartMinorTickMarks>
                          <CrossAt>NaN</CrossAt>
                          <Location>Opposite</Location>
                          <Minimum>NaN</Minimum>
                          <Maximum>NaN</Maximum>
                        </ChartAxis>
                      </ChartValueAxes>
                      <Style>
                        <BackgroundGradientType>None</BackgroundGradientType>
                      </Style>
                    </ChartArea>
                  </ChartAreas>
                  <ChartLegends>
                    <ChartLegend Name="Default">
                      <Style>
                        <BackgroundGradientType>None</BackgroundGradientType>
                        <FontSize>8pt</FontSize>
                      </Style>
                      <Position>BottomCenter</Position>
                      <ChartLegendTitle>
                        <Caption />
                        <Style>
                          <FontSize>8pt</FontSize>
                          <FontWeight>Bold</FontWeight>
                          <TextAlign>Center</TextAlign>
                        </Style>
                      </ChartLegendTitle>
                      <HeaderSeparatorColor>Black</HeaderSeparatorColor>
                      <ColumnSeparatorColor>Black</ColumnSeparatorColor>
                    </ChartLegend>
                  </ChartLegends>
                  <ChartTitles>
                    <ChartTitle Name="Default">
                      <Caption>=Parameters!OBJECTName.Value + " / " +Parameters!COUNTERName.Value + " forecast for " + Parameters!Me.Value</Caption>
                      <Style>
                        <BackgroundGradientType>None</BackgroundGradientType>
                        <FontWeight>Bold</FontWeight>
                        <TextAlign>General</TextAlign>
                        <VerticalAlign>Top</VerticalAlign>
                      </Style>
                    </ChartTitle>
                  </ChartTitles>
                  <Palette>BrightPastel</Palette>
                  <ChartBorderSkin>
                    <Style>
                      <BackgroundColor>Gray</BackgroundColor>
                      <BackgroundGradientType>None</BackgroundGradientType>
                      <Color>White</Color>
                    </Style>
                  </ChartBorderSkin>
                  <ChartNoDataMessage Name="NoDataMessage">
                    <Caption>No Data Available</Caption>
                    <Style>
                      <BackgroundGradientType>None</BackgroundGradientType>
                      <TextAlign>General</TextAlign>
                      <VerticalAlign>Top</VerticalAlign>
                    </Style>
                  </ChartNoDataMessage>
                  <DataSetName>DataSet1</DataSetName>
                  <Top>0.38778in</Top>
                  <Height>4.30556in</Height>
                  <Width>9in</Width>
                  <ZIndex>1</ZIndex>
                  <Style>
                    <Border>
                      <Color>LightGrey</Color>
                      <Style>Solid</Style>
                    </Border>
                    <BackgroundColor>White</BackgroundColor>
                    <BackgroundGradientType>None</BackgroundGradientType>
                  </Style>
                </Chart>
              </ReportItems>
              <Height>4.69334in</Height>
              <Style />
            </Body>
            <ReportParameters>
              <ReportParameter Name="OBJECTName">
                <DataType>String</DataType>
                <Prompt>Select Object </Prompt>
                <ValidValues>
                  <DataSetReference>
                    <DataSetName>Objects</DataSetName>
                    <ValueField>ObjectName</ValueField>
                    <LabelField>ObjectName</LabelField>
                  </DataSetReference>
                </ValidValues>
              </ReportParameter>
              <ReportParameter Name="COUNTERName">
                <DataType>String</DataType>
                <Prompt>Select Counter</Prompt>
                <ValidValues>
                  <DataSetReference>
                    <DataSetName>Counters</DataSetName>
                    <ValueField>CounterName</ValueField>
                    <LabelField>CounterName</LabelField>
                  </DataSetReference>
                </ValidValues>
              </ReportParameter>
              <ReportParameter Name="StartDate">
                <DataType>DateTime</DataType>
                <Prompt>Start Date</Prompt>
              </ReportParameter>
              <ReportParameter Name="EndDate">
                <DataType>DateTime</DataType>
                <Prompt>End Date</Prompt>
              </ReportParameter>
              <ReportParameter Name="DaystoForecast">
                <DataType>Integer</DataType>
                <Prompt>Days to Forecast</Prompt>
              </ReportParameter>
              <ReportParameter Name="Me">
                <DataType>String</DataType>
                <Prompt>Managed Entity</Prompt>
                <ValidValues>
                  <DataSetReference>
                    <DataSetName>Me</DataSetName>
                    <ValueField>ID</ValueField>
                    <LabelField>ID</LabelField>
                  </DataSetReference>
                </ValidValues>
              </ReportParameter>
            </ReportParameters>
            <Width>9in</Width>
            <Page>
              <LeftMargin>1in</LeftMargin>
              <RightMargin>1in</RightMargin>
              <TopMargin>1in</TopMargin>
              <BottomMargin>1in</BottomMargin>
              <Style />
            </Page>
            <Language>en-US</Language>
            <ConsumeContainerWhitespace>true</ConsumeContainerWhitespace>
            <rd:ReportID>f2d5e050-414a-4832-a2ef-287292e71553</rd:ReportID>
            <rd:ReportUnitType>Inch</rd:ReportUnitType>
          </Report>
        </Definition>
      </Report>
    </Reports>
  </Reporting>
  <LanguagePacks>
    <LanguagePack ID="ENU" IsDefault="true">
      <DisplayStrings>
        <DisplayString ElementID="ForecastReport">
          <Name>Forecast Report MP</Name>
        </DisplayString>
        <DisplayString ElementID="ForecastReport.forecastproc">
          <Name>Forecast Proc</Name>
          <Description />
        </DisplayString>
        <DisplayString ElementID="ForecastReport.ForecastReport">
          <Name>Forecast Report</Name>
        </DisplayString>
      </DisplayStrings>
    </LanguagePack>
  </LanguagePacks>
</ManagementPack>