﻿<?xml version="1.0" encoding="utf-8"?><ManagementPack ContentReadable="true" xmlns:xsd="http://www.w3.org/2001/XMLSchema" xmlns:xsl="http://www.w3.org/1999/XSL/Transform">
  <Manifest>
    <Identity>
      <ID>PerformanceReporting</ID>
      <Version>1.0.0.0</Version>
    </Identity>
    <Name>PerformanceReporting</Name>
    <References>
      <Reference Alias="SCDW">
        <ID>Microsoft.SystemCenter.DataWarehouse.Library</ID>
        <Version>6.1.7221.0</Version>
        <PublicKeyToken>31bf3856ad364e35</PublicKeyToken>
      </Reference>
      <Reference Alias="MicrosoftWindowsLibrary6172210">
        <ID>Microsoft.Windows.Library</ID>
        <Version>6.1.7221.0</Version>
        <PublicKeyToken>31bf3856ad364e35</PublicKeyToken>
      </Reference>
      <Reference Alias="Performance">
        <ID>System.Performance.Library</ID>
        <Version>6.1.7221.0</Version>
        <PublicKeyToken>31bf3856ad364e35</PublicKeyToken>
      </Reference>
      <Reference Alias="Windows">
        <ID>Microsoft.Windows.Server.2008.Monitoring</ID>
        <Version>6.0.6667.0</Version>
        <PublicKeyToken>31bf3856ad364e35</PublicKeyToken>
      </Reference>
      <Reference Alias="System">
        <ID>System.Library</ID>
        <Version>6.1.7221.0</Version>
        <PublicKeyToken>31bf3856ad364e35</PublicKeyToken>
      </Reference>
      <Reference Alias="SystemCenter">
        <ID>Microsoft.SystemCenter.Library</ID>
        <Version>6.1.7221.0</Version>
        <PublicKeyToken>31bf3856ad364e35</PublicKeyToken>
      </Reference>
      <Reference Alias="MicrosoftWindowsServer2008Discovery6066670">
        <ID>Microsoft.Windows.Server.2008.Discovery</ID>
        <Version>6.0.6667.0</Version>
        <PublicKeyToken>31bf3856ad364e35</PublicKeyToken>
      </Reference>
    </References>
  </Manifest>
  <Monitoring>
    <Rules>
      <Rule ID="MomUIGeneratedRule37f87fa16b754cdaaf8a780ce40a6b3a" Enabled="true" Target="MicrosoftWindowsServer2008Discovery6066670!Microsoft.Windows.Server.2008.OperatingSystem" ConfirmDelivery="false" Remotable="true" Priority="Normal" DiscardLevel="100">
        <Category>PerformanceCollection</Category>
        <DataSources>
          <DataSource ID="DS" TypeID="Performance!System.Performance.OptimizedDataProvider">
            <ComputerName>$Target/Host/Property[Type="MicrosoftWindowsLibrary6172210!Microsoft.Windows.Computer"]/NetworkName$</ComputerName>
            <CounterName>% Free Space</CounterName>
            <ObjectName>LogicalDisk</ObjectName>
            <InstanceName />
            <AllInstances>true</AllInstances>
            <Frequency>900</Frequency>
            <Tolerance>0</Tolerance>
            <ToleranceType>Absolute</ToleranceType>
            <MaximumSampleSeparation>1</MaximumSampleSeparation>
          </DataSource>
        </DataSources>
        <WriteActions>
          <WriteAction ID="WriteToDB" TypeID="SystemCenter!Microsoft.SystemCenter.CollectPerformanceData" />
          <WriteAction ID="WriteToDW" TypeID="SCDW!Microsoft.SystemCenter.DataWarehouse.PublishPerformanceData" />
        </WriteActions>
      </Rule>
    </Rules>
    <ServiceLevelObjectives>
      <PerformanceCounterSLO ID="ManagementPackPerformanceCounterSLO0d1b1e23175941df984682219ba149af" ConfigurationGroupId="MomUIGeneratedSla882dc096ca0248478a6d85606bedfc94" Target="MicrosoftWindowsServer2008Discovery6066670!Microsoft.Windows.Server.2008.OperatingSystem">
        <RuleId>MomUIGeneratedRule37f87fa16b754cdaaf8a780ce40a6b3a</RuleId>
        <PerfCounterAggregationMethod>Average</PerfCounterAggregationMethod>
        <Threshold>30</Threshold>
        <DesiredObjective>OverThreshold</DesiredObjective>
      </PerformanceCounterSLO>
      <PerformanceCounterSLO ID="ManagementPackPerformanceCounterSLOf020b2af087c4c70affa75630260385d" ConfigurationGroupId="MomUIGeneratedSla7d24df2d53bf4024bcf35e5e6df76d86" Target="MicrosoftWindowsServer2008Discovery6066670!Microsoft.Windows.Server.2008.OperatingSystem">
        <RuleId>Windows!Microsoft.Windows.Server.2008.OperatingSystem.TotalPercentProcessorTime.Collection</RuleId>
        <PerfCounterAggregationMethod>Average</PerfCounterAggregationMethod>
        <Threshold>90</Threshold>
        <DesiredObjective>UnderThreshold</DesiredObjective>
      </PerformanceCounterSLO>
      <PerformanceCounterSLO ID="ManagementPackPerformanceCounterSLOe00cdff90e1945d9a3cf8b0c979cdde3" ConfigurationGroupId="MomUIGeneratedSla1c872173952546f3b03bc8f8eb23c99a" Target="MicrosoftWindowsServer2008Discovery6066670!Microsoft.Windows.Server.2008.OperatingSystem">
        <RuleId>Windows!Microsoft.Windows.Server.2008.OperatingSystem.MemoryAvailableMBytes.Collection</RuleId>
        <PerfCounterAggregationMethod>Average</PerfCounterAggregationMethod>
        <Threshold>500000</Threshold>
        <DesiredObjective>UnderThreshold</DesiredObjective>
      </PerformanceCounterSLO>
      <PerformanceCounterSLO ID="ManagementPackPerformanceCounterSLO0f93ec27fdd2436889bec319ed21b69d" ConfigurationGroupId="MomUIGeneratedSla1c872173952546f3b03bc8f8eb23c99a" Target="MicrosoftWindowsServer2008Discovery6066670!Microsoft.Windows.Server.2008.OperatingSystem">
        <RuleId>Windows!Microsoft.Windows.Server.2008.OperatingSystem.MemoryPercentCommittedBytesInUse.Collection</RuleId>
        <PerfCounterAggregationMethod>Average</PerfCounterAggregationMethod>
        <Threshold>70</Threshold>
        <DesiredObjective>UnderThreshold</DesiredObjective>
      </PerformanceCounterSLO>
    </ServiceLevelObjectives>
  </Monitoring>
  <ConfigurationGroups>
    <ConfigurationGroup ID="MomUIGeneratedSla882dc096ca0248478a6d85606bedfc94" Accessibility="Public" Target="MicrosoftWindowsServer2008Discovery6066670!Microsoft.Windows.Server.2008.OperatingSystem" />
    <ConfigurationGroup ID="MomUIGeneratedSla7d24df2d53bf4024bcf35e5e6df76d86" Accessibility="Public" Target="MicrosoftWindowsServer2008Discovery6066670!Microsoft.Windows.Server.2008.OperatingSystem" />
    <ConfigurationGroup ID="MomUIGeneratedSla1c872173952546f3b03bc8f8eb23c99a" Accessibility="Public" Target="MicrosoftWindowsServer2008Discovery6066670!Microsoft.Windows.Server.2008.OperatingSystem" />
  </ConfigurationGroups>
  <Presentation>
    <Folders>
      <Folder ID="Folder_43dfb42ca73242bcacbd18277a30e070" Accessibility="Public" ParentFolder="SystemCenter!Microsoft.SystemCenter.Monitoring.ViewFolder.Root" />
    </Folders>
  </Presentation>
  <LanguagePacks>
    <LanguagePack ID="ENU" IsDefault="false">
      <DisplayStrings>
        <DisplayString ElementID="PerformanceReporting">
          <Name>PerformanceReporting</Name>
        </DisplayString>
        <DisplayString ElementID="Folder_43dfb42ca73242bcacbd18277a30e070">
          <Name>PerformanceReporting</Name>
        </DisplayString>
        <DisplayString ElementID="MomUIGeneratedRule37f87fa16b754cdaaf8a780ce40a6b3a">
          <Name>% Logical Disk Free Space</Name>
        </DisplayString>
        <DisplayString ElementID="MomUIGeneratedSla882dc096ca0248478a6d85606bedfc94">
          <Name>Disk</Name>
        </DisplayString>
        <DisplayString ElementID="ManagementPackPerformanceCounterSLO0d1b1e23175941df984682219ba149af">
          <Name>% Logical Disk Free Space</Name>
        </DisplayString>
        <DisplayString ElementID="MomUIGeneratedSla7d24df2d53bf4024bcf35e5e6df76d86">
          <Name>Processor</Name>
        </DisplayString>
        <DisplayString ElementID="ManagementPackPerformanceCounterSLOf020b2af087c4c70affa75630260385d">
          <Name>Processor % Processor Time</Name>
        </DisplayString>
        <DisplayString ElementID="MomUIGeneratedSla1c872173952546f3b03bc8f8eb23c99a">
          <Name>Memory</Name>
        </DisplayString>
        <DisplayString ElementID="ManagementPackPerformanceCounterSLOe00cdff90e1945d9a3cf8b0c979cdde3">
          <Name>Memory Available Megabytes</Name>
        </DisplayString>
        <DisplayString ElementID="ManagementPackPerformanceCounterSLO0f93ec27fdd2436889bec319ed21b69d">
          <Name>Memory % Committed Bytes in Use</Name>
        </DisplayString>
      </DisplayStrings>
    </LanguagePack>
  </LanguagePacks>
</ManagementPack>