﻿<?xml version="1.0" encoding="utf-8"?><ManagementPack ContentReadable="true" xmlns:xsd="http://www.w3.org/2001/XMLSchema" xmlns:xsl="http://www.w3.org/1999/XSL/Transform">
  <Manifest>
    <Identity>
      <ID>VirtualizationCandidates</ID>
      <Version>1.0.0.2</Version>
    </Identity>
    <Name>VirtualizationCandidates</Name>
    <References>
      <Reference Alias="MicrosoftWindowsLibrary6172210">
        <ID>Microsoft.Windows.Library</ID>
        <Version>6.1.7221.0</Version>
        <PublicKeyToken>31bf3856ad364e35</PublicKeyToken>
      </Reference>
      <Reference Alias="Windows">
        <ID>Microsoft.Windows.Server.2008.Monitoring</ID>
        <Version>6.0.6667.0</Version>
        <PublicKeyToken>31bf3856ad364e35</PublicKeyToken>
      </Reference>
      <Reference Alias="MicrosoftSystemCenterInstanceGroupLibrary6172210">
        <ID>Microsoft.SystemCenter.InstanceGroup.Library</ID>
        <Version>6.1.7221.0</Version>
        <PublicKeyToken>31bf3856ad364e35</PublicKeyToken>
      </Reference>
      <Reference Alias="System">
        <ID>System.Library</ID>
        <Version>6.1.7221.0</Version>
        <PublicKeyToken>31bf3856ad364e35</PublicKeyToken>
      </Reference>
      <Reference Alias="SystemCenter">
        <ID>Microsoft.SystemCenter.Library</ID>
        <Version>6.1.7221.0</Version>
        <PublicKeyToken>31bf3856ad364e35</PublicKeyToken>
      </Reference>
      <Reference Alias="MicrosoftWindowsServer2008Discovery6066670">
        <ID>Microsoft.Windows.Server.2008.Discovery</ID>
        <Version>6.0.6667.0</Version>
        <PublicKeyToken>31bf3856ad364e35</PublicKeyToken>
      </Reference>
    </References>
  </Manifest>
  <TypeDefinitions>
    <EntityTypes>
      <ClassTypes>
        <ClassType ID="UINameSpace159e8eb5674f412b95c4c3bd1de4400f.Group" Accessibility="Public" Abstract="false" Base="MicrosoftSystemCenterInstanceGroupLibrary6172210!Microsoft.SystemCenter.InstanceGroup" Hosted="false" Singleton="true" />
        <ClassType ID="UINameSpace34029fb6fe20470e8de3ce9c902bc5aa.Group" Accessibility="Public" Abstract="false" Base="MicrosoftSystemCenterInstanceGroupLibrary6172210!Microsoft.SystemCenter.InstanceGroup" Hosted="false" Singleton="true" />
      </ClassTypes>
    </EntityTypes>
  </TypeDefinitions>
  <Monitoring>
    <Discoveries>
      <Discovery ID="UINameSpace159e8eb5674f412b95c4c3bd1de4400f.Group.DiscoveryRule" Enabled="true" Target="UINameSpace159e8eb5674f412b95c4c3bd1de4400f.Group" ConfirmDelivery="false" Remotable="true" Priority="Normal">
        <Category>Discovery</Category>
        <DiscoveryTypes>
          <DiscoveryRelationship TypeID="MicrosoftSystemCenterInstanceGroupLibrary6172210!Microsoft.SystemCenter.InstanceGroupContainsEntities" />
        </DiscoveryTypes>
        <DataSource ID="GroupPopulationDataSource" TypeID="SystemCenter!Microsoft.SystemCenter.GroupPopulator">
          <RuleId>$MPElement$</RuleId>
          <GroupInstanceId>$MPElement[Name="UINameSpace159e8eb5674f412b95c4c3bd1de4400f.Group"]$</GroupInstanceId>
          <MembershipRules>
            <MembershipRule>
              <MonitoringClass>$MPElement[Name="MicrosoftWindowsServer2008Discovery6066670!Microsoft.Windows.Server.2008.OperatingSystem"]$</MonitoringClass>
              <RelationshipClass>$MPElement[Name="MicrosoftSystemCenterInstanceGroupLibrary6172210!Microsoft.SystemCenter.InstanceGroupContainsEntities"]$</RelationshipClass>
              <Expression>
                <SimpleExpression>
                  <ValueExpression>
                    <Property>$MPElement[Name="MicrosoftWindowsLibrary6172210!Microsoft.Windows.OperatingSystem"]/PhysicalMemory$</Property>
                  </ValueExpression>
                  <Operator>Less</Operator>
                  <ValueExpression>
                    <Value>600000</Value>
                  </ValueExpression>
                </SimpleExpression>
              </Expression>
            </MembershipRule>
          </MembershipRules>
        </DataSource>
      </Discovery>
      <Discovery ID="UINameSpace34029fb6fe20470e8de3ce9c902bc5aa.Group.DiscoveryRule" Enabled="true" Target="UINameSpace34029fb6fe20470e8de3ce9c902bc5aa.Group" ConfirmDelivery="false" Remotable="true" Priority="Normal">
        <Category>Discovery</Category>
        <DiscoveryTypes>
          <DiscoveryRelationship TypeID="MicrosoftSystemCenterInstanceGroupLibrary6172210!Microsoft.SystemCenter.InstanceGroupContainsEntities" />
        </DiscoveryTypes>
        <DataSource ID="GroupPopulationDataSource" TypeID="SystemCenter!Microsoft.SystemCenter.GroupPopulator">
          <RuleId>$MPElement$</RuleId>
          <GroupInstanceId>$MPElement[Name="UINameSpace34029fb6fe20470e8de3ce9c902bc5aa.Group"]$</GroupInstanceId>
          <MembershipRules>
            <MembershipRule>
              <MonitoringClass>$MPElement[Name="MicrosoftWindowsServer2008Discovery6066670!Microsoft.Windows.Server.2008.OperatingSystem"]$</MonitoringClass>
              <RelationshipClass>$MPElement[Name="MicrosoftSystemCenterInstanceGroupLibrary6172210!Microsoft.SystemCenter.InstanceGroupContainsEntities"]$</RelationshipClass>
              <Expression>
                <SimpleExpression>
                  <ValueExpression>
                    <Property>$MPElement[Name="MicrosoftWindowsLibrary6172210!Microsoft.Windows.OperatingSystem"]/PhysicalMemory$</Property>
                  </ValueExpression>
                  <Operator>Greater</Operator>
                  <ValueExpression>
                    <Value>600000</Value>
                  </ValueExpression>
                </SimpleExpression>
              </Expression>
            </MembershipRule>
          </MembershipRules>
        </DataSource>
      </Discovery>
    </Discoveries>
    <ServiceLevelObjectives>
      <PerformanceCounterSLO ID="ManagementPackPerformanceCounterSLO0ea5e09ba341427c811eb731158fdf95" ConfigurationGroupId="MomUIGeneratedSlaa6b2ae21547c4860869a4c6cac3b0202" Target="MicrosoftWindowsServer2008Discovery6066670!Microsoft.Windows.Server.2008.OperatingSystem">
        <RuleId>Windows!Microsoft.Windows.Server.2008.OperatingSystem.TotalPercentProcessorTime.Collection</RuleId>
        <PerfCounterAggregationMethod>Average</PerfCounterAggregationMethod>
        <Threshold>0.5</Threshold>
        <DesiredObjective>OverThreshold</DesiredObjective>
      </PerformanceCounterSLO>
      <PerformanceCounterSLO ID="ManagementPackPerformanceCounterSLO06c7fdc6ae6140838058c0fd7349ecbf" ConfigurationGroupId="MomUIGeneratedSlaa6b2ae21547c4860869a4c6cac3b0202" Target="MicrosoftWindowsServer2008Discovery6066670!Microsoft.Windows.Server.2008.OperatingSystem">
        <RuleId>Windows!Microsoft.Windows.Server.2008.OperatingSystem.MemoryPercentCommittedBytesInUse.Collection</RuleId>
        <PerfCounterAggregationMethod>Average</PerfCounterAggregationMethod>
        <Threshold>40</Threshold>
        <DesiredObjective>OverThreshold</DesiredObjective>
      </PerformanceCounterSLO>
      <PerformanceCounterSLO ID="ManagementPackPerformanceCounterSLO8e36309ace0346aaa305286941886274" ConfigurationGroupId="MomUIGeneratedSlab707f860eb374449b634ec7c9e436fae" Target="MicrosoftWindowsServer2008Discovery6066670!Microsoft.Windows.Server.2008.OperatingSystem">
        <RuleId>Windows!Microsoft.Windows.Server.2008.OperatingSystem.TotalPercentProcessorTime.Collection</RuleId>
        <PerfCounterAggregationMethod>Average</PerfCounterAggregationMethod>
        <Threshold>6</Threshold>
        <DesiredObjective>OverThreshold</DesiredObjective>
      </PerformanceCounterSLO>
      <PerformanceCounterSLO ID="ManagementPackPerformanceCounterSLO4a5c9f9a6b01470c82e6e84329e3c7f7" ConfigurationGroupId="MomUIGeneratedSlab707f860eb374449b634ec7c9e436fae" Target="MicrosoftWindowsServer2008Discovery6066670!Microsoft.Windows.Server.2008.OperatingSystem">
        <RuleId>Windows!Microsoft.Windows.Server.2008.OperatingSystem.MemoryPercentCommittedBytesInUse.Collection</RuleId>
        <PerfCounterAggregationMethod>Average</PerfCounterAggregationMethod>
        <Threshold>40</Threshold>
        <DesiredObjective>OverThreshold</DesiredObjective>
      </PerformanceCounterSLO>
    </ServiceLevelObjectives>
  </Monitoring>
  <ConfigurationGroups>
    <ConfigurationGroup ID="MomUIGeneratedSlaa6b2ae21547c4860869a4c6cac3b0202" Accessibility="Public" Target="MicrosoftWindowsServer2008Discovery6066670!Microsoft.Windows.Server.2008.OperatingSystem" Context="System!System.Entity" ContextInstance="a3d87999-2284-07b7-97f3-6190a7a52c23" />
    <ConfigurationGroup ID="MomUIGeneratedSlab707f860eb374449b634ec7c9e436fae" Accessibility="Public" Target="MicrosoftWindowsServer2008Discovery6066670!Microsoft.Windows.Server.2008.OperatingSystem" Context="System!System.Entity" ContextInstance="b83e9ffb-2e9d-e0d3-daf0-cd8111283e23" />
  </ConfigurationGroups>
  <Presentation>
    <Folders>
      <Folder ID="Folder_d2d0dbab28d34bbd8759ff44af2654aa" Accessibility="Public" ParentFolder="SystemCenter!Microsoft.SystemCenter.Monitoring.ViewFolder.Root" />
    </Folders>
  </Presentation>
  <LanguagePacks>
    <LanguagePack ID="ENU" IsDefault="false">
      <DisplayStrings>
        <DisplayString ElementID="VirtualizationCandidates">
          <Name>VirtualizationCandidates</Name>
        </DisplayString>
        <DisplayString ElementID="Folder_d2d0dbab28d34bbd8759ff44af2654aa">
          <Name>VirtualizationCandidates</Name>
        </DisplayString>
        <DisplayString ElementID="UINameSpace159e8eb5674f412b95c4c3bd1de4400f.Group">
          <Name>Small SKU Servers</Name>
        </DisplayString>
        <DisplayString ElementID="UINameSpace159e8eb5674f412b95c4c3bd1de4400f.Group.DiscoveryRule">
          <Name>Populate Low Memory Servers</Name>
          <Description>This discovery rule populates the group 'Low Memory Servers'</Description>
        </DisplayString>
        <DisplayString ElementID="UINameSpace34029fb6fe20470e8de3ce9c902bc5aa.Group">
          <Name>Medium SKU Servers</Name>
        </DisplayString>
        <DisplayString ElementID="UINameSpace34029fb6fe20470e8de3ce9c902bc5aa.Group.DiscoveryRule">
          <Name>Populate High Memory Servers</Name>
          <Description>This discovery rule populates the group 'High Memory Servers'</Description>
        </DisplayString>
        <DisplayString ElementID="MomUIGeneratedSlaa6b2ae21547c4860869a4c6cac3b0202">
          <Name>VirtCandidates - Small SKU</Name>
        </DisplayString>
        <DisplayString ElementID="ManagementPackPerformanceCounterSLO0ea5e09ba341427c811eb731158fdf95">
          <Name>Processor Utilization</Name>
        </DisplayString>
        <DisplayString ElementID="ManagementPackPerformanceCounterSLO06c7fdc6ae6140838058c0fd7349ecbf">
          <Name>Memory % Committed Bytes in Use</Name>
        </DisplayString>
        <DisplayString ElementID="MomUIGeneratedSlab707f860eb374449b634ec7c9e436fae">
          <Name>VirtCandidates - Medium SKU</Name>
        </DisplayString>
        <DisplayString ElementID="ManagementPackPerformanceCounterSLO8e36309ace0346aaa305286941886274">
          <Name>Processor Utilization</Name>
        </DisplayString>
        <DisplayString ElementID="ManagementPackPerformanceCounterSLO4a5c9f9a6b01470c82e6e84329e3c7f7">
          <Name>Memory % Committed Bytes in Use </Name>
        </DisplayString>
      </DisplayStrings>
    </LanguagePack>
  </LanguagePacks>
</ManagementPack>